{
    "format_version": "1.16.0",
    "animation_controllers": {
        "controller.animation.player.is_moving": {
            "initial_state": "default",
            "states": {
                "default": {
                    "transitions": [
                        {
                            "moving": "query.is_moving"
                        }
                    ]
                },
                "moving": {
                    "on_entry": [
                        "/tag @s add is_moving"
                    ],
                    "transitions": [
                        {
                            "default": "!query.is_moving"
                        }
                    ],
                    "on_exit": [
                        "/tag @s remove is_moving"
                    ]
                }
            }
        },
        "controller.animation.player.is_moving_ground": {
            "initial_state": "default",
            "states": {
                "default": {
                    "transitions": [
                        {
                            "moving": "query.ground_speed > 0"
                        }
                    ]
                },
                "moving": {
                    "on_entry": [
                        "/tag @s add is_moving_ground"
                    ],
                    "transitions": [
                        {
                            "default": "!query.ground_speed > 0"
                        }
                    ],
                    "on_exit": [
                        "/tag @s remove is_moving_ground"
                    ]
                }
            }
        },
        "controller.animation.player.is_alive": {
            "initial_state": "default",
            "states": {
                "default": {
                    "transitions": [
                        {
                            "alive": "query.is_alive"
                        }
                    ]
                },
                "alive": {
                    "on_entry": [
                        "/tag @s add is_alive"
                    ],
                    "transitions": [
                        {
                            "default": "!query.is_alive"
                        }
                    ],
                    "on_exit": [
                        "/tag @s remove is_alive"
                    ]
                }
            }
        },
        "controller.animation.player.is_breathing": {
            "initial_state": "default",
            "states": {
                "default": {
                    "transitions": [
                        {
                            "breathing": "query.is_breathing"
                        }
                    ]
                },
                "breathing": {
                    "on_entry": [
                        "/tag @s add is_breathing"
                    ],
                    "transitions": [
                        {
                            "default": "!query.is_breathing"
                        }
                    ],
                    "on_exit": [
                        "/tag @s remove is_breathing"
                    ]
                }
            }
        },
        "controller.animation.player.is_eating": {
            "initial_state": "default",
            "states": {
                "default": {
                    "transitions": [
                        {
                            "eating": "query.is_eating"
                        }
                    ]
                },
                "eating": {
                    "on_entry": [
                        "/tag @s add is_eating"
                    ],
                    "transitions": [
                        {
                            "default": "!query.is_eating"
                        }
                    ],
                    "on_exit": [
                        "/tag @s remove is_eating"
                    ]
                }
            }
        },
        "controller.animation.player.is_gliding": {
            "initial_state": "default",
            "states": {
                "default": {
                    "transitions": [
                        {
                            "gliding": "query.is_gliding"
                        }
                    ]
                },
                "gliding": {
                    "on_entry": [
                        "/tag @s add is_gliding"
                    ],
                    "transitions": [
                        {
                            "default": "!query.is_gliding"
                        }
                    ],
                    "on_exit": [
                        "/tag @s remove is_gliding"
                    ]
                }
            }
        },
        "controller.animation.player.is_in_water": {
            "initial_state": "default",
            "states": {
                "default": {
                    "transitions": [
                        {
                            "in_water": "query.is_in_water"
                        }
                    ]
                },
                "in_water": {
                    "on_entry": [
                        "/tag @s add is_in_water"
                    ],
                    "transitions": [
                        {
                            "default": "!query.is_in_water"
                        }
                    ],
                    "on_exit": [
                        "/tag @s remove is_in_water"
                    ]
                }
            }
        },
        "controller.animation.player.is_invisible": {
            "initial_state": "default",
            "states": {
                "default": {
                    "transitions": [
                        {
                            "invisible": "query.is_invisible"
                        }
                    ]
                },
                "invisible": {
                    "on_entry": [
                        "/tag @s add is_invisible"
                    ],
                    "transitions": [
                        {
                            "default": "!query.is_invisible"
                        }
                    ],
                    "on_exit": [
                        "/tag @s remove is_invisible"
                    ]
                }
            }
        },
        "controller.animation.player.is_jumping": {
            "initial_state": "default",
            "states": {
                "default": {
                    "transitions": [
                        {
                            "jumping": "query.is_jumping"
                        }
                    ]
                },
                "jumping": {
                    "on_entry": [
                        "/tag @s add is_jumping"
                    ],
                    "transitions": [
                        {
                            "default": "!query.is_jumping"
                        }
                    ],
                    "on_exit": [
                        "/tag @s remove is_jumping"
                    ]
                }
            }
        },
        "controller.animation.player.is_on_ground": {
            "initial_state": "default",
            "states": {
                "default": {
                    "transitions": [
                        {
                            "on_ground": "query.is_on_ground"
                        }
                    ]
                },
                "on_ground": {
                    "on_entry": [
                        "/tag @s add is_on_ground"
                    ],
                    "transitions": [
                        {
                            "default": "!query.is_on_ground"
                        }
                    ],
                    "on_exit": [
                        "/tag @s remove is_on_ground"
                    ]
                }
            }
        },
        "controller.animation.player.is_on_fire": {
            "initial_state": "default",
            "states": {
                "default": {
                    "transitions": [
                        {
                            "on_fire": "query.is_on_fire"
                        }
                    ]
                },
                "on_fire": {
                    "on_entry": [
                        "/tag @s add is_on_fire"
                    ],
                    "transitions": [
                        {
                            "default": "!query.is_on_fire"
                        }
                    ],
                    "on_exit": [
                        "/tag @s remove is_on_fire"
                    ]
                }
            }
        },
        "controller.animation.player.is_riding": {
            "initial_state": "default",
            "states": {
                "default": {
                    "transitions": [
                        {
                            "riding": "query.is_riding"
                        }
                    ]
                },
                "riding": {
                    "on_entry": [
                        "/tag @s add is_riding"
                    ],
                    "transitions": [
                        {
                            "default": "!query.is_riding"
                        }
                    ],
                    "on_exit": [
                        "/tag @s remove is_riding"
                    ]
                }
            }
        },
        "controller.animation.player.is_selected_item": {
            "initial_state": "default",
            "states": {
                "default": {
                    "transitions": [
                        {
                            "selected_item": "query.is_selected_item"
                        }
                    ]
                },
                "selected_item": {
                    "on_entry": [
                        "/tag @s add is_selected_item"
                    ],
                    "transitions": [
                        {
                            "default": "!query.is_selected_item"
                        }
                    ],
                    "on_exit": [
                        "/tag @s remove is_selected_item"
                    ]
                }
            }
        },
        "controller.animation.player.is_using_item": {
            "initial_state": "default",
            "states": {
                "default": {
                    "transitions": [
                        {
                            "using_item": "query.is_using_item"
                        }
                    ]
                },
                "using_item": {
                    "on_entry": [
                        "/tag @s add is_using_item"
                    ],
                    "transitions": [
                        {
                            "default": "!query.is_using_item"
                        }
                    ],
                    "on_exit": [
                        "/tag @s remove is_using_item"
                    ]
                }
            }
        },
        "controller.animation.player.is_sleeping": {
            "states": {
                "default": {
                    "transitions": [
                        {
                            "sleeping": "query.is_sleeping"
                        }
                    ]
                },
                "sleeping": {
                    "on_entry": [
                        "/tag @s add is_sleeping"
                    ],
                    "transitions": [
                        {
                            "default": "!query.is_sleeping"
                        }
                    ],
                    "on_exit": [
                        "/tag @s remove is_sleeping"
                    ]
                }
            }
        },
        "controller.animation.player.is_sneaking": {
            "states": {
                "default": {
                    "transitions": [
                        {
                            "sneaking": "query.is_sneaking"
                        }
                    ]
                },
                "sneaking": {
                    "on_entry": [
                        "/tag @s add is_sneaking"
                    ],
                    "transitions": [
                        {
                            "default": "!query.is_sneaking"
                        }
                    ],
                    "on_exit": [
                        "/tag @s remove is_sneaking"
                    ]
                }
            }
        },
        "controller.animation.player.is_sprinting": {
            "states": {
                "default": {
                    "transitions": [
                        {
                            "sprinting": "query.is_sprinting"
                        }
                    ]
                },
                "sprinting": {
                    "on_entry": [
                        "/tag @s add is_sprinting"
                    ],
                    "transitions": [
                        {
                            "default": "!query.is_sprinting"
                        }
                    ],
                    "on_exit": [
                        "/tag @s remove is_sprinting"
                    ]
                }
            }
        },
        "controller.animation.player.is_swimming": {
            "states": {
                "default": {
                    "transitions": [
                        {
                            "swimming": "query.is_swimming"
                        }
                    ]
                },
                "swimming": {
                    "on_entry": [
                        "/tag @s add is_swimming"
                    ],
                    "transitions": [
                        {
                            "default": "!query.is_swimming"
                        }
                    ],
                    "on_exit": [
                        "/tag @s remove is_swimming"
                    ]
                }
            }
        },
        "controller.animation.player.item_is_charged": {
            "initial_state": "default",
            "states": {
                "default": {
                    "transitions": [
                        {
                            "item_is_charged": "query.item_is_charged"
                        }
                    ]
                },
                "item_is_charged": {
                    "on_entry": [
                        "/tag @s add item_is_charged"
                    ],
                    "transitions": [
                        {
                            "default": "!query.item_is_charged"
                        }
                    ],
                    "on_exit": [
                        "/tag @s remove item_is_charged"
                    ]
                }
            }
        },
        "controller.animation.player.last_hit_by_player": {
            "initial_state": "default",
            "states": {
                "default": {
                    "transitions": [
                        {
                            "last_hit_by_player": "query.last_hit_by_player"
                        }
                    ]
                },
                "last_hit_by_player": {
                    "on_entry": [
                        "/tag @s add last_hit_by_player"
                    ],
                    "transitions": [
                        {
                            "default": "!query.last_hit_by_player"
                        }
                    ],
                    "on_exit": [
                        "/tag @s remove last_hit_by_player"
                    ]
                }
            }
        },
        "controller.animation.player.cardinal_player_facing": {
            "initial_state": "default",
            "states": {
                "default": {
                    "transitions": [
                        {
                            "down": "query.cardinal_player_facing == 0"
                        },
                        {
                            "up": "query.cardinal_player_facing == 1"
                        },
                        {
                            "north": "query.cardinal_player_facing == 2"
                        },
                        {
                            "south": "query.cardinal_player_facing == 3"
                        },
                        {
                            "west": "query.cardinal_player_facing == 4"
                        },
                        {
                            "east": "query.cardinal_player_facing == 5"
                        },
                        {
                            "unknown": "query.cardinal_player_facing == 6"
                        }
                    ]
                },
                "down": {
                    "on_entry": [
                        "/tag @s add 3d_facing_down"
                    ],
                    "transitions": [
                        {
                            "up": "query.cardinal_player_facing != 0 && query.cardinal_player_facing == 1"
                        },
                        {
                            "north": "query.cardinal_player_facing != 0 && query.cardinal_player_facing == 2"
                        },
                        {
                            "south": "query.cardinal_player_facing != 0 && query.cardinal_player_facing == 3"
                        },
                        {
                            "west": "query.cardinal_player_facing != 0 && query.cardinal_player_facing == 4"
                        },
                        {
                            "east": "query.cardinal_player_facing != 0 && query.cardinal_player_facing == 5"
                        },
                        {
                            "unknown": "query.cardinal_player_facing != 0 && query.cardinal_player_facing == 6"
                        }
                    ],
                    "on_exit": [
                        "/tag @s remove 3d_facing_down"
                    ]
                },
                "up": {
                    "on_entry": [
                        "/tag @s add 3d_facing_up"
                    ],
                    "transitions": [
                        {
                            "down": "query.cardinal_player_facing != 1 && query.cardinal_player_facing == 0"
                        },
                        {
                            "north": "query.cardinal_player_facing != 1 && query.cardinal_player_facing == 2"
                        },
                        {
                            "south": "query.cardinal_player_facing != 1 && query.cardinal_player_facing == 3"
                        },
                        {
                            "west": "query.cardinal_player_facing != 1 && query.cardinal_player_facing == 4"
                        },
                        {
                            "east": "query.cardinal_player_facing != 1 && query.cardinal_player_facing == 5"
                        },
                        {
                            "unknown": "query.cardinal_player_facing != 1 && query.cardinal_player_facing == 6"
                        }
                    ],
                    "on_exit": [
                        "/tag @s remove 3d_facing_up"
                    ]
                },
                "north": {
                    "on_entry": [
                        "/tag @s add 3d_facing_north"
                    ],
                    "transitions": [
                        {
                            "down": "query.cardinal_player_facing != 2 && query.cardinal_player_facing == 0"
                        },
                        {
                            "up": "query.cardinal_player_facing != 2 && query.cardinal_player_facing == 1"
                        },
                        {
                            "south": "query.cardinal_player_facing != 2 && query.cardinal_player_facing == 3"
                        },
                        {
                            "west": "query.cardinal_player_facing != 2 && query.cardinal_player_facing == 4"
                        },
                        {
                            "east": "query.cardinal_player_facing != 2 && query.cardinal_player_facing == 5"
                        },
                        {
                            "unknown": "query.cardinal_player_facing != 2 && query.cardinal_player_facing == 6"
                        }
                    ],
                    "on_exit": [
                        "/tag @s remove 3d_facing_north"
                    ]
                },
                "south": {
                    "on_entry": [
                        "/tag @s add 3d_facing_south"
                    ],
                    "transitions": [
                        {
                            "down": "query.cardinal_player_facing != 3 && query.cardinal_player_facing == 0"
                        },
                        {
                            "up": "query.cardinal_player_facing != 3 && query.cardinal_player_facing == 1"
                        },
                        {
                            "north": "query.cardinal_player_facing != 3 && query.cardinal_player_facing == 2"
                        },
                        {
                            "west": "query.cardinal_player_facing != 3 && query.cardinal_player_facing == 4"
                        },
                        {
                            "east": "query.cardinal_player_facing != 3 && query.cardinal_player_facing == 5"
                        },
                        {
                            "unknown": "query.cardinal_player_facing != 3 && query.cardinal_player_facing == 6"
                        }
                    ],
                    "on_exit": [
                        "/tag @s remove 3d_facing_south"
                    ]
                },
                "west": {
                    "on_entry": [
                        "/tag @s add 3d_facing_west"
                    ],
                    "transitions": [
                        {
                            "down": "query.cardinal_player_facing != 4 && query.cardinal_player_facing == 0"
                        },
                        {
                            "up": "query.cardinal_player_facing != 4 && query.cardinal_player_facing == 1"
                        },
                        {
                            "north": "query.cardinal_player_facing != 4 && query.cardinal_player_facing == 2"
                        },
                        {
                            "south": "query.cardinal_player_facing != 4 && query.cardinal_player_facing == 3"
                        },
                        {
                            "east": "query.cardinal_player_facing != 4 && query.cardinal_player_facing == 5"
                        },
                        {
                            "unknown": "query.cardinal_player_facing != 4 && query.cardinal_player_facing == 6"
                        }
                    ],
                    "on_exit": [
                        "/tag @s remove 3d_facing_west"
                    ]
                },
                "east": {
                    "on_entry": [
                        "/tag @s add 3d_facing_east"
                    ],
                    "transitions": [
                        {
                            "down": "query.cardinal_player_facing != 5 && query.cardinal_player_facing == 0"
                        },
                        {
                            "up": "query.cardinal_player_facing != 5 && query.cardinal_player_facing == 1"
                        },
                        {
                            "north": "query.cardinal_player_facing != 5 && query.cardinal_player_facing == 2"
                        },
                        {
                            "south": "query.cardinal_player_facing != 5 && query.cardinal_player_facing == 3"
                        },
                        {
                            "west": "query.cardinal_player_facing != 5 && query.cardinal_player_facing == 4"
                        },
                        {
                            "unknown": "query.cardinal_player_facing != 5 && query.cardinal_player_facing == 6"
                        }
                    ],
                    "on_exit": [
                        "/tag @s remove 3d_facing_east"
                    ]
                },
                "unknown": {
                    "on_entry": [
                        "/tag @s add 3d_facing_unknown"
                    ],
                    "transitions": [
                        {
                            "down": "query.cardinal_player_facing != 6 && query.cardinal_player_facing == 0"
                        },
                        {
                            "up": "query.cardinal_player_facing != 6 && query.cardinal_player_facing == 1"
                        },
                        {
                            "north": "query.cardinal_player_facing != 6 && query.cardinal_player_facing == 2"
                        },
                        {
                            "south": "query.cardinal_player_facing != 6 && query.cardinal_player_facing == 3"
                        },
                        {
                            "west": "query.cardinal_player_facing != 6 && query.cardinal_player_facing == 4"
                        },
                        {
                            "east": "query.cardinal_player_facing != 6 && query.cardinal_player_facing == 5"
                        }
                    ],
                    "on_exit": [
                        "/tag @s remove 3d_facing_unknown"
                    ]
                }
            }
        },
        "controller.animation.player.cardinal_facing_2d": {
            "initial_state": "default",
            "states": {
                "default": {
                    "transitions": [
                        {
                            "north": "query.cardinal_facing_2d == 2"
                        },
                        {
                            "south": "query.cardinal_facing_2d == 3"
                        },
                        {
                            "west": "query.cardinal_facing_2d == 4"
                        },
                        {
                            "east": "query.cardinal_facing_2d == 5"
                        },
                        {
                            "unknown": "query.cardinal_facing_2d == 6"
                        }
                    ]
                },
                "north": {
                    "on_entry": [
                        "/tag @s add 2d_facing_north"
                    ],
                    "transitions": [
                        {
                            "south": "query.cardinal_facing_2d != 2 && query.cardinal_facing_2d == 3"
                        },
                        {
                            "west": "query.cardinal_facing_2d != 2 && query.cardinal_facing_2d == 4"
                        },
                        {
                            "east": "query.cardinal_facing_2d != 2 && query.cardinal_facing_2d == 5"
                        },
                        {
                            "unknown": "query.cardinal_facing_2d != 2 && query.cardinal_facing_2d == 6"
                        }
                    ],
                    "on_exit": [
                        "/tag @s remove 2d_facing_north"
                    ]
                },
                "south": {
                    "on_entry": [
                        "/tag @s add 2d_facing_south"
                    ],
                    "transitions": [
                        {
                            "north": "query.cardinal_facing_2d != 3 && query.cardinal_facing_2d == 2"
                        },
                        {
                            "west": "query.cardinal_facing_2d != 3 && query.cardinal_facing_2d == 4"
                        },
                        {
                            "east": "query.cardinal_facing_2d != 3 && query.cardinal_facing_2d == 5"
                        },
                        {
                            "unknown": "query.cardinal_facing_2d != 3 && query.cardinal_facing_2d == 6"
                        }
                    ],
                    "on_exit": [
                        "/tag @s remove 2d_facing_south"
                    ]
                },
                "west": {
                    "on_entry": [
                        "/tag @s add 2d_facing_west"
                    ],
                    "transitions": [
                        {
                            "north": "query.cardinal_facing_2d != 4 && query.cardinal_facing_2d == 2"
                        },
                        {
                            "south": "query.cardinal_facing_2d != 4 && query.cardinal_facing_2d == 3"
                        },
                        {
                            "east": "query.cardinal_facing_2d != 4 && query.cardinal_facing_2d == 5"
                        },
                        {
                            "unknown": "query.cardinal_facing_2d != 4 && query.cardinal_facing_2d == 6"
                        }
                    ],
                    "on_exit": [
                        "/tag @s remove 2d_facing_west"
                    ]
                },
                "east": {
                    "on_entry": [
                        "/tag @s add 2d_facing_east"
                    ],
                    "transitions": [
                        {
                            "north": "query.cardinal_facing_2d != 5 && query.cardinal_facing_2d == 2"
                        },
                        {
                            "south": "query.cardinal_facing_2d != 5 && query.cardinal_facing_2d == 3"
                        },
                        {
                            "west": "query.cardinal_facing_2d != 5 && query.cardinal_facing_2d == 4"
                        },
                        {
                            "unknown": "query.cardinal_facing_2d != 5 && query.cardinal_facing_2d == 6"
                        }
                    ],
                    "on_exit": [
                        "/tag @s remove 2d_facing_east"
                    ]
                },
                "unknown": {
                    "on_entry": [
                        "/tag @s add 2d_facing_unknown"
                    ],
                    "transitions": [
                        {
                            "north": "query.cardinal_facing_2d != 6 && query.cardinal_facing_2d == 2"
                        },
                        {
                            "south": "query.cardinal_facing_2d != 6 && query.cardinal_facing_2d == 3"
                        },
                        {
                            "west": "query.cardinal_facing_2d != 6 && query.cardinal_facing_2d == 4"
                        },
                        {
                            "east": "query.cardinal_facing_2d != 6 && query.cardinal_facing_2d == 5"
                        }
                    ],
                    "on_exit": [
                        "/tag @s remove 2d_facing_unknown"
                    ]
                }
            }
        },
        "controller.animation.player.health": {
            "initial_state":"hp20",
            "states": {
                "default": {
                    "transitions": [
                        {
                            "hp0": "query.health == 0"
                        },
                        {
                            "hp1": "query.health == 1"
                        },
                        {
                            "hp2": "query.health == 2"
                        },
                        {
                            "hp3": "query.health == 3"
                        },
                        {
                            "hp4": "query.health == 4"
                        },
                        {
                            "hp5": "query.health == 5"
                        },
                        {
                            "hp6": "query.health == 6"
                        },
                        {
                            "hp7": "query.health == 7"
                        },
                        {
                            "hp8": "query.health == 8"
                        },
                        {
                            "hp9": "query.health == 9"
                        },
                        {
                            "hp10": "query.health == 10"
                        },
                        {
                            "hp11": "query.health == 11"
                        },
                        {
                            "hp12": "query.health == 12"
                        },
                        {
                            "hp13": "query.health == 13"
                        },
                        {
                            "hp14": "query.health == 14"
                        },
                        {
                            "hp15": "query.health == 15"
                        },
                        {
                            "hp16": "query.health == 16"
                        },
                        {
                            "hp17": "query.health == 17"
                        },
                        {
                            "hp18": "query.health == 18"
                        },
                        {
                            "hp19": "query.health == 19"
                        },
                        {
                            "hp20": "query.health == 20"
                        },
                        {
                            "hp21": "query.health >= 21"
                        }
                    ]
                },
                "hp0": {
                    "on_entry": [
                        "/scoreboard players set @s health 0"
                    ],
                    "transitions": [
                        {
                            "hp1": "query.health == 1"
                        },
                        {
                            "hp2": "query.health == 2"
                        },
                        {
                            "hp3": "query.health == 3"
                        },
                        {
                            "hp4": "query.health == 4"
                        },
                        {
                            "hp5": "query.health == 5"
                        },
                        {
                            "hp6": "query.health == 6"
                        },
                        {
                            "hp7": "query.health == 7"
                        },
                        {
                            "hp8": "query.health == 8"
                        },
                        {
                            "hp9": "query.health == 9"
                        },
                        {
                            "hp10": "query.health == 10"
                        },
                        {
                            "hp11": "query.health == 11"
                        },
                        {
                            "hp12": "query.health == 12"
                        },
                        {
                            "hp13": "query.health == 13"
                        },
                        {
                            "hp14": "query.health == 14"
                        },
                        {
                            "hp15": "query.health == 15"
                        },
                        {
                            "hp16": "query.health == 16"
                        },
                        {
                            "hp17": "query.health == 17"
                        },
                        {
                            "hp18": "query.health == 18"
                        },
                        {
                            "hp19": "query.health == 19"
                        },
                        {
                            "hp20": "query.health == 20"
                        },
                        {
                            "hp21": "query.health >= 21"
                        }
                    ]
                },
                "hp1": {
                    "on_entry": [
                        "/scoreboard players set @s health 1"
                    ],
                    "transitions": [
                        {
                            "hp0": "query.health == 0"
                        },
                        {
                            "hp2": "query.health == 2"
                        },
                        {
                            "hp3": "query.health == 3"
                        },
                        {
                            "hp4": "query.health == 4"
                        },
                        {
                            "hp5": "query.health == 5"
                        },
                        {
                            "hp6": "query.health == 6"
                        },
                        {
                            "hp7": "query.health == 7"
                        },
                        {
                            "hp8": "query.health == 8"
                        },
                        {
                            "hp9": "query.health == 9"
                        },
                        {
                            "hp10": "query.health == 10"
                        },
                        {
                            "hp11": "query.health == 11"
                        },
                        {
                            "hp12": "query.health == 12"
                        },
                        {
                            "hp13": "query.health == 13"
                        },
                        {
                            "hp14": "query.health == 14"
                        },
                        {
                            "hp15": "query.health == 15"
                        },
                        {
                            "hp16": "query.health == 16"
                        },
                        {
                            "hp17": "query.health == 17"
                        },
                        {
                            "hp18": "query.health == 18"
                        },
                        {
                            "hp19": "query.health == 19"
                        },
                        {
                            "hp20": "query.health == 20"
                        },
                        {
                            "hp21": "query.health >= 21"
                        }
                    ]
                },
                "hp2": {
                    "on_entry": [
                        "/scoreboard players set @s health 2"
                    ],
                    "transitions": [
                        {
                            "hp0": "query.health == 0"
                        },
                        {
                            "hp1": "query.health == 1"
                        },
                        {
                            "hp3": "query.health == 3"
                        },
                        {
                            "hp4": "query.health == 4"
                        },
                        {
                            "hp5": "query.health == 5"
                        },
                        {
                            "hp6": "query.health == 6"
                        },
                        {
                            "hp7": "query.health == 7"
                        },
                        {
                            "hp8": "query.health == 8"
                        },
                        {
                            "hp9": "query.health == 9"
                        },
                        {
                            "hp10": "query.health == 10"
                        },
                        {
                            "hp11": "query.health == 11"
                        },
                        {
                            "hp12": "query.health == 12"
                        },
                        {
                            "hp13": "query.health == 13"
                        },
                        {
                            "hp14": "query.health == 14"
                        },
                        {
                            "hp15": "query.health == 15"
                        },
                        {
                            "hp16": "query.health == 16"
                        },
                        {
                            "hp17": "query.health == 17"
                        },
                        {
                            "hp18": "query.health == 18"
                        },
                        {
                            "hp19": "query.health == 19"
                        },
                        {
                            "hp20": "query.health == 20"
                        },
                        {
                            "hp21": "query.health >= 21"
                        }
                    ]
                },
                "hp3": {
                    "on_entry": [
                        "/scoreboard players set @s health 3"
                    ],
                    "transitions": [
                        {
                            "hp0": "query.health == 0"
                        },
                        {
                            "hp1": "query.health == 1"
                        },
                        {
                            "hp2": "query.health == 2"
                        },
                        {
                            "hp4": "query.health == 4"
                        },
                        {
                            "hp5": "query.health == 5"
                        },
                        {
                            "hp6": "query.health == 6"
                        },
                        {
                            "hp7": "query.health == 7"
                        },
                        {
                            "hp8": "query.health == 8"
                        },
                        {
                            "hp9": "query.health == 9"
                        },
                        {
                            "hp10": "query.health == 10"
                        },
                        {
                            "hp11": "query.health == 11"
                        },
                        {
                            "hp12": "query.health == 12"
                        },
                        {
                            "hp13": "query.health == 13"
                        },
                        {
                            "hp14": "query.health == 14"
                        },
                        {
                            "hp15": "query.health == 15"
                        },
                        {
                            "hp16": "query.health == 16"
                        },
                        {
                            "hp17": "query.health == 17"
                        },
                        {
                            "hp18": "query.health == 18"
                        },
                        {
                            "hp19": "query.health == 19"
                        },
                        {
                            "hp20": "query.health == 20"
                        },
                        {
                            "hp21": "query.health >= 21"
                        }
                    ]
                },
                "hp4": {
                    "on_entry": [
                        "/scoreboard players set @s health 4"
                    ],
                    "transitions": [
                        {
                            "hp0": "query.health == 0"
                        },
                        {
                            "hp1": "query.health == 1"
                        },
                        {
                            "hp2": "query.health == 2"
                        },
                        {
                            "hp3": "query.health == 3"
                        },
                        {
                            "hp5": "query.health == 5"
                        },
                        {
                            "hp6": "query.health == 6"
                        },
                        {
                            "hp7": "query.health == 7"
                        },
                        {
                            "hp8": "query.health == 8"
                        },
                        {
                            "hp9": "query.health == 9"
                        },
                        {
                            "hp10": "query.health == 10"
                        },
                        {
                            "hp11": "query.health == 11"
                        },
                        {
                            "hp12": "query.health == 12"
                        },
                        {
                            "hp13": "query.health == 13"
                        },
                        {
                            "hp14": "query.health == 14"
                        },
                        {
                            "hp15": "query.health == 15"
                        },
                        {
                            "hp16": "query.health == 16"
                        },
                        {
                            "hp17": "query.health == 17"
                        },
                        {
                            "hp18": "query.health == 18"
                        },
                        {
                            "hp19": "query.health == 19"
                        },
                        {
                            "hp20": "query.health == 20"
                        },
                        {
                            "hp21": "query.health >= 21"
                        }
                    ]
                },
                "hp5": {
                    "on_entry": [
                        "/scoreboard players set @s health 5"
                    ],
                    "transitions": [
                        {
                            "hp0": "query.health == 0"
                        },
                        {
                            "hp1": "query.health == 1"
                        },
                        {
                            "hp2": "query.health == 2"
                        },
                        {
                            "hp3": "query.health == 3"
                        },
                        {
                            "hp4": "query.health == 4"
                        },
                        {
                            "hp6": "query.health == 6"
                        },
                        {
                            "hp7": "query.health == 7"
                        },
                        {
                            "hp8": "query.health == 8"
                        },
                        {
                            "hp9": "query.health == 9"
                        },
                        {
                            "hp10": "query.health == 10"
                        },
                        {
                            "hp11": "query.health == 11"
                        },
                        {
                            "hp12": "query.health == 12"
                        },
                        {
                            "hp13": "query.health == 13"
                        },
                        {
                            "hp14": "query.health == 14"
                        },
                        {
                            "hp15": "query.health == 15"
                        },
                        {
                            "hp16": "query.health == 16"
                        },
                        {
                            "hp17": "query.health == 17"
                        },
                        {
                            "hp18": "query.health == 18"
                        },
                        {
                            "hp19": "query.health == 19"
                        },
                        {
                            "hp20": "query.health == 20"
                        },
                        {
                            "hp21": "query.health >= 21"
                        }
                    ]
                },
                "hp6": {
                    "on_entry": [
                        "/scoreboard players set @s health 6"
                    ],
                    "transitions": [
                        {
                            "hp0": "query.health == 0"
                        },
                        {
                            "hp1": "query.health == 1"
                        },
                        {
                            "hp2": "query.health == 2"
                        },
                        {
                            "hp3": "query.health == 3"
                        },
                        {
                            "hp4": "query.health == 4"
                        },
                        {
                            "hp5": "query.health == 5"
                        },
                        {
                            "hp7": "query.health == 7"
                        },
                        {
                            "hp8": "query.health == 8"
                        },
                        {
                            "hp9": "query.health == 9"
                        },
                        {
                            "hp10": "query.health == 10"
                        },
                        {
                            "hp11": "query.health == 11"
                        },
                        {
                            "hp12": "query.health == 12"
                        },
                        {
                            "hp13": "query.health == 13"
                        },
                        {
                            "hp14": "query.health == 14"
                        },
                        {
                            "hp15": "query.health == 15"
                        },
                        {
                            "hp16": "query.health == 16"
                        },
                        {
                            "hp17": "query.health == 17"
                        },
                        {
                            "hp18": "query.health == 18"
                        },
                        {
                            "hp19": "query.health == 19"
                        },
                        {
                            "hp20": "query.health == 20"
                        },
                        {
                            "hp21": "query.health >= 21"
                        }
                    ]
                },
                "hp7": {
                    "on_entry": [
                        "/scoreboard players set @s health 7"
                    ],
                    "transitions": [
                        {
                            "hp0": "query.health == 0"
                        },
                        {
                            "hp1": "query.health == 1"
                        },
                        {
                            "hp2": "query.health == 2"
                        },
                        {
                            "hp3": "query.health == 3"
                        },
                        {
                            "hp4": "query.health == 4"
                        },
                        {
                            "hp5": "query.health == 5"
                        },
                        {
                            "hp6": "query.health == 6"
                        },
                        {
                            "hp8": "query.health == 8"
                        },
                        {
                            "hp9": "query.health == 9"
                        },
                        {
                            "hp10": "query.health == 10"
                        },
                        {
                            "hp11": "query.health == 11"
                        },
                        {
                            "hp12": "query.health == 12"
                        },
                        {
                            "hp13": "query.health == 13"
                        },
                        {
                            "hp14": "query.health == 14"
                        },
                        {
                            "hp15": "query.health == 15"
                        },
                        {
                            "hp16": "query.health == 16"
                        },
                        {
                            "hp17": "query.health == 17"
                        },
                        {
                            "hp18": "query.health == 18"
                        },
                        {
                            "hp19": "query.health == 19"
                        },
                        {
                            "hp20": "query.health == 20"
                        },
                        {
                            "hp21": "query.health >= 21"
                        }
                    ]
                },
                "hp8": {
                    "on_entry": [
                        "/scoreboard players set @s health 8"
                    ],
                    "transitions": [
                        {
                            "hp0": "query.health == 0"
                        },
                        {
                            "hp1": "query.health == 1"
                        },
                        {
                            "hp2": "query.health == 2"
                        },
                        {
                            "hp3": "query.health == 3"
                        },
                        {
                            "hp4": "query.health == 4"
                        },
                        {
                            "hp5": "query.health == 5"
                        },
                        {
                            "hp6": "query.health == 6"
                        },
                        {
                            "hp7": "query.health == 7"
                        },
                        {
                            "hp9": "query.health == 9"
                        },
                        {
                            "hp10": "query.health == 10"
                        },
                        {
                            "hp11": "query.health == 11"
                        },
                        {
                            "hp12": "query.health == 12"
                        },
                        {
                            "hp13": "query.health == 13"
                        },
                        {
                            "hp14": "query.health == 14"
                        },
                        {
                            "hp15": "query.health == 15"
                        },
                        {
                            "hp16": "query.health == 16"
                        },
                        {
                            "hp17": "query.health == 17"
                        },
                        {
                            "hp18": "query.health == 18"
                        },
                        {
                            "hp19": "query.health == 19"
                        },
                        {
                            "hp20": "query.health == 20"
                        },
                        {
                            "hp21": "query.health >= 21"
                        }
                    ]
                },
                "hp9": {
                    "on_entry": [
                        "/scoreboard players set @s health 9"
                    ],
                    "transitions": [
                        {
                            "hp0": "query.health == 0"
                        },
                        {
                            "hp1": "query.health == 1"
                        },
                        {
                            "hp2": "query.health == 2"
                        },
                        {
                            "hp3": "query.health == 3"
                        },
                        {
                            "hp4": "query.health == 4"
                        },
                        {
                            "hp5": "query.health == 5"
                        },
                        {
                            "hp6": "query.health == 6"
                        },
                        {
                            "hp7": "query.health == 7"
                        },
                        {
                            "hp8": "query.health == 8"
                        },
                        {
                            "hp10": "query.health == 10"
                        },
                        {
                            "hp11": "query.health == 11"
                        },
                        {
                            "hp12": "query.health == 12"
                        },
                        {
                            "hp13": "query.health == 13"
                        },
                        {
                            "hp14": "query.health == 14"
                        },
                        {
                            "hp15": "query.health == 15"
                        },
                        {
                            "hp16": "query.health == 16"
                        },
                        {
                            "hp17": "query.health == 17"
                        },
                        {
                            "hp18": "query.health == 18"
                        },
                        {
                            "hp19": "query.health == 19"
                        },
                        {
                            "hp20": "query.health == 20"
                        },
                        {
                            "hp21": "query.health >= 21"
                        }
                    ]
                },
                "hp10": {
                    "on_entry": [
                        "/scoreboard players set @s health 10"
                    ],
                    "transitions": [
                        {
                            "hp0": "query.health == 0"
                        },
                        {
                            "hp1": "query.health == 1"
                        },
                        {
                            "hp2": "query.health == 2"
                        },
                        {
                            "hp3": "query.health == 3"
                        },
                        {
                            "hp4": "query.health == 4"
                        },
                        {
                            "hp5": "query.health == 5"
                        },
                        {
                            "hp6": "query.health == 6"
                        },
                        {
                            "hp7": "query.health == 7"
                        },
                        {
                            "hp8": "query.health == 8"
                        },
                        {
                            "hp9": "query.health == 9"
                        },
                        {
                            "hp11": "query.health == 11"
                        },
                        {
                            "hp12": "query.health == 12"
                        },
                        {
                            "hp13": "query.health == 13"
                        },
                        {
                            "hp14": "query.health == 14"
                        },
                        {
                            "hp15": "query.health == 15"
                        },
                        {
                            "hp16": "query.health == 16"
                        },
                        {
                            "hp17": "query.health == 17"
                        },
                        {
                            "hp18": "query.health == 18"
                        },
                        {
                            "hp19": "query.health == 19"
                        },
                        {
                            "hp20": "query.health == 20"
                        },
                        {
                            "hp21": "query.health >= 21"
                        }
                    ]
                },
                "hp11": {
                    "on_entry": [
                        "/scoreboard players set @s health 11"
                    ],
                    "transitions": [
                        {
                            "hp0": "query.health == 0"
                        },
                        {
                            "hp1": "query.health == 1"
                        },
                        {
                            "hp2": "query.health == 2"
                        },
                        {
                            "hp3": "query.health == 3"
                        },
                        {
                            "hp4": "query.health == 4"
                        },
                        {
                            "hp5": "query.health == 5"
                        },
                        {
                            "hp6": "query.health == 6"
                        },
                        {
                            "hp7": "query.health == 7"
                        },
                        {
                            "hp8": "query.health == 8"
                        },
                        {
                            "hp9": "query.health == 9"
                        },
                        {
                            "hp10": "query.health == 10"
                        },
                        {
                            "hp12": "query.health == 12"
                        },
                        {
                            "hp13": "query.health == 13"
                        },
                        {
                            "hp14": "query.health == 14"
                        },
                        {
                            "hp15": "query.health == 15"
                        },
                        {
                            "hp16": "query.health == 16"
                        },
                        {
                            "hp17": "query.health == 17"
                        },
                        {
                            "hp18": "query.health == 18"
                        },
                        {
                            "hp19": "query.health == 19"
                        },
                        {
                            "hp20": "query.health == 20"
                        },
                        {
                            "hp21": "query.health >= 21"
                        }
                    ]
                },
                "hp12": {
                    "on_entry": [
                        "/scoreboard players set @s health 12"
                    ],
                    "transitions": [
                        {
                            "hp0": "query.health == 0"
                        },
                        {
                            "hp1": "query.health == 1"
                        },
                        {
                            "hp2": "query.health == 2"
                        },
                        {
                            "hp3": "query.health == 3"
                        },
                        {
                            "hp4": "query.health == 4"
                        },
                        {
                            "hp5": "query.health == 5"
                        },
                        {
                            "hp6": "query.health == 6"
                        },
                        {
                            "hp7": "query.health == 7"
                        },
                        {
                            "hp8": "query.health == 8"
                        },
                        {
                            "hp9": "query.health == 9"
                        },
                        {
                            "hp10": "query.health == 10"
                        },
                        {
                            "hp11": "query.health == 11"
                        },
                        {
                            "hp13": "query.health == 13"
                        },
                        {
                            "hp14": "query.health == 14"
                        },
                        {
                            "hp15": "query.health == 15"
                        },
                        {
                            "hp16": "query.health == 16"
                        },
                        {
                            "hp17": "query.health == 17"
                        },
                        {
                            "hp18": "query.health == 18"
                        },
                        {
                            "hp19": "query.health == 19"
                        },
                        {
                            "hp20": "query.health == 20"
                        },
                        {
                            "hp21": "query.health >= 21"
                        }
                    ]
                },
                "hp13": {
                    "on_entry": [
                        "/scoreboard players set @s health 13"
                    ],
                    "transitions": [
                        {
                            "hp0": "query.health == 0"
                        },
                        {
                            "hp1": "query.health == 1"
                        },
                        {
                            "hp2": "query.health == 2"
                        },
                        {
                            "hp3": "query.health == 3"
                        },
                        {
                            "hp4": "query.health == 4"
                        },
                        {
                            "hp5": "query.health == 5"
                        },
                        {
                            "hp6": "query.health == 6"
                        },
                        {
                            "hp7": "query.health == 7"
                        },
                        {
                            "hp8": "query.health == 8"
                        },
                        {
                            "hp9": "query.health == 9"
                        },
                        {
                            "hp10": "query.health == 10"
                        },
                        {
                            "hp11": "query.health == 11"
                        },
                        {
                            "hp12": "query.health == 12"
                        },
                        {
                            "hp14": "query.health == 14"
                        },
                        {
                            "hp15": "query.health == 15"
                        },
                        {
                            "hp16": "query.health == 16"
                        },
                        {
                            "hp17": "query.health == 17"
                        },
                        {
                            "hp18": "query.health == 18"
                        },
                        {
                            "hp19": "query.health == 19"
                        },
                        {
                            "hp20": "query.health == 20"
                        },
                        {
                            "hp21": "query.health >= 21"
                        }
                    ]
                },
                
                "hp14": {
                    "on_entry": [
                        "/scoreboard players set @s health 14"
                    ],
                    "transitions": [
                        {
                            "hp0": "query.health == 0"
                        },
                        {
                            "hp1": "query.health == 1"
                        },
                        {
                            "hp2": "query.health == 2"
                        },
                        {
                            "hp3": "query.health == 3"
                        },
                        {
                            "hp4": "query.health == 4"
                        },
                        {
                            "hp5": "query.health == 5"
                        },
                        {
                            "hp6": "query.health == 6"
                        },
                        {
                            "hp7": "query.health == 7"
                        },
                        {
                            "hp8": "query.health == 8"
                        },
                        {
                            "hp9": "query.health == 9"
                        },
                        {
                            "hp10": "query.health == 10"
                        },
                        {
                            "hp11": "query.health == 11"
                        },
                        {
                            "hp12": "query.health == 12"
                        },
                        {
                            "hp13": "query.health == 13"
                        },
                        {
                            "hp15": "query.health == 15"
                        },
                        {
                            "hp16": "query.health == 16"
                        },
                        {
                            "hp17": "query.health == 17"
                        },
                        {
                            "hp18": "query.health == 18"
                        },
                        {
                            "hp19": "query.health == 19"
                        },
                        {
                            "hp20": "query.health == 20"
                        },
                        {
                            "hp21": "query.health >= 21"
                        }
                    ]
                },
                "hp15": {
                    "on_entry": [
                        "/scoreboard players set @s health 15"
                    ],
                    "transitions": [
                        {
                            "hp0": "query.health == 0"
                        },
                        {
                            "hp1": "query.health == 1"
                        },
                        {
                            "hp2": "query.health == 2"
                        },
                        {
                            "hp3": "query.health == 3"
                        },
                        {
                            "hp4": "query.health == 4"
                        },
                        {
                            "hp5": "query.health == 5"
                        },
                        {
                            "hp6": "query.health == 6"
                        },
                        {
                            "hp7": "query.health == 7"
                        },
                        {
                            "hp8": "query.health == 8"
                        },
                        {
                            "hp9": "query.health == 9"
                        },
                        {
                            "hp10": "query.health == 10"
                        },
                        {
                            "hp11": "query.health == 11"
                        },
                        {
                            "hp12": "query.health == 12"
                        },
                        {
                            "hp13": "query.health == 13"
                        },
                        {
                            "hp14": "query.health == 14"
                        },
                        {
                            "hp16": "query.health == 16"
                        },
                        {
                            "hp17": "query.health == 17"
                        },
                        {
                            "hp18": "query.health == 18"
                        },
                        {
                            "hp19": "query.health == 19"
                        },
                        {
                            "hp20": "query.health == 20"
                        },
                        {
                            "hp21": "query.health >= 21"
                        }
                    ]
                },
                "hp16": {
                    "on_entry": [
                        "/scoreboard players set @s health 16"
                    ],
                    "transitions": [
                        {
                            "hp0": "query.health == 0"
                        },
                        {
                            "hp1": "query.health == 1"
                        },
                        {
                            "hp2": "query.health == 2"
                        },
                        {
                            "hp3": "query.health == 3"
                        },
                        {
                            "hp4": "query.health == 4"
                        },
                        {
                            "hp5": "query.health == 5"
                        },
                        {
                            "hp6": "query.health == 6"
                        },
                        {
                            "hp7": "query.health == 7"
                        },
                        {
                            "hp8": "query.health == 8"
                        },
                        {
                            "hp9": "query.health == 9"
                        },
                        {
                            "hp10": "query.health == 10"
                        },
                        {
                            "hp11": "query.health == 11"
                        },
                        {
                            "hp12": "query.health == 12"
                        },
                        {
                            "hp13": "query.health == 13"
                        },
                        {
                            "hp14": "query.health == 14"
                        },
                        {
                            "hp15": "query.health == 15"
                        },
                        {
                            "hp17": "query.health == 17"
                        },
                        {
                            "hp18": "query.health == 18"
                        },
                        {
                            "hp19": "query.health == 19"
                        },
                        {
                            "hp20": "query.health == 20"
                        },
                        {
                            "hp21": "query.health >= 21"
                        }
                    ]
                },
                "hp17": {
                    "on_entry": [
                        "/scoreboard players set @s health 17"
                    ],
                    "transitions": [
                        {
                            "hp0": "query.health == 0"
                        },
                        {
                            "hp1": "query.health == 1"
                        },
                        {
                            "hp2": "query.health == 2"
                        },
                        {
                            "hp3": "query.health == 3"
                        },
                        {
                            "hp4": "query.health == 4"
                        },
                        {
                            "hp5": "query.health == 5"
                        },
                        {
                            "hp6": "query.health == 6"
                        },
                        {
                            "hp7": "query.health == 7"
                        },
                        {
                            "hp8": "query.health == 8"
                        },
                        {
                            "hp9": "query.health == 9"
                        },
                        {
                            "hp10": "query.health == 10"
                        },
                        {
                            "hp11": "query.health == 11"
                        },
                        {
                            "hp12": "query.health == 12"
                        },
                        {
                            "hp13": "query.health == 13"
                        },
                        {
                            "hp14": "query.health == 14"
                        },
                        {
                            "hp15": "query.health == 15"
                        },
                        {
                            "hp16": "query.health == 16"
                        },
                        {
                            "hp18": "query.health == 18"
                        },
                        {
                            "hp19": "query.health == 19"
                        },
                        {
                            "hp20": "query.health == 20"
                        },
                        {
                            "hp21": "query.health >= 21"
                        }
                    ]
                },
                "hp18": {
                    "on_entry": [
                        "/scoreboard players set @s health 18"
                    ],
                    "transitions": [
                        {
                            "hp0": "query.health == 0"
                        },
                        {
                            "hp1": "query.health == 1"
                        },
                        {
                            "hp2": "query.health == 2"
                        },
                        {
                            "hp3": "query.health == 3"
                        },
                        {
                            "hp4": "query.health == 4"
                        },
                        {
                            "hp5": "query.health == 5"
                        },
                        {
                            "hp6": "query.health == 6"
                        },
                        {
                            "hp7": "query.health == 7"
                        },
                        {
                            "hp8": "query.health == 8"
                        },
                        {
                            "hp9": "query.health == 9"
                        },
                        {
                            "hp10": "query.health == 10"
                        },
                        {
                            "hp11": "query.health == 11"
                        },
                        {
                            "hp12": "query.health == 12"
                        },
                        {
                            "hp13": "query.health == 13"
                        },
                        {
                            "hp14": "query.health == 14"
                        },
                        {
                            "hp15": "query.health == 15"
                        },
                        {
                            "hp16": "query.health == 16"
                        },
                        {
                            "hp17": "query.health == 17"
                        },
                        {
                            "hp19": "query.health == 19"
                        },
                        {
                            "hp20": "query.health == 20"
                        },
                        {
                            "hp21": "query.health >= 21"
                        }
                    ]
                },
                "hp19": {
                    "on_entry": [
                        "/scoreboard players set @s health 19"
                    ],
                    "transitions": [
                        {
                            "hp0": "query.health == 0"
                        },
                        {
                            "hp1": "query.health == 1"
                        },
                        {
                            "hp2": "query.health == 2"
                        },
                        {
                            "hp3": "query.health == 3"
                        },
                        {
                            "hp4": "query.health == 4"
                        },
                        {
                            "hp5": "query.health == 5"
                        },
                        {
                            "hp6": "query.health == 6"
                        },
                        {
                            "hp7": "query.health == 7"
                        },
                        {
                            "hp8": "query.health == 8"
                        },
                        {
                            "hp9": "query.health == 9"
                        },
                        {
                            "hp10": "query.health == 10"
                        },
                        {
                            "hp11": "query.health == 11"
                        },
                        {
                            "hp12": "query.health == 12"
                        },
                        {
                            "hp13": "query.health == 13"
                        },
                        {
                            "hp14": "query.health == 14"
                        },
                        {
                            "hp15": "query.health == 15"
                        },
                        {
                            "hp16": "query.health == 16"
                        },
                        {
                            "hp17": "query.health == 17"
                        },
                        {
                            "hp18": "query.health == 18"
                        },
                        {
                            "hp20": "query.health == 20"
                        },
                        {
                            "hp21": "query.health >= 21"
                        }
                    ]
                },
                "hp20": {
                    "on_entry": [
                        "/scoreboard players set @s health 20"
                    ],
                    "transitions": [
                        {
                            "hp0": "query.health == 0"
                        },
                        {
                            "hp1": "query.health == 1"
                        },
                        {
                            "hp2": "query.health == 2"
                        },
                        {
                            "hp3": "query.health == 3"
                        },
                        {
                            "hp4": "query.health == 4"
                        },
                        {
                            "hp5": "query.health == 5"
                        },
                        {
                            "hp6": "query.health == 6"
                        },
                        {
                            "hp7": "query.health == 7"
                        },
                        {
                            "hp8": "query.health == 8"
                        },
                        {
                            "hp9": "query.health == 9"
                        },
                        {
                            "hp10": "query.health == 10"
                        },
                        {
                            "hp11": "query.health == 11"
                        },
                        {
                            "hp12": "query.health == 12"
                        },
                        {
                            "hp13": "query.health == 13"
                        },
                        {
                            "hp14": "query.health == 14"
                        },
                        {
                            "hp15": "query.health == 15"
                        },
                        {
                            "hp16": "query.health == 16"
                        },
                        {
                            "hp17": "query.health == 17"
                        },
                        {
                            "hp18": "query.health == 18"
                        },
                        {
                            "hp19": "query.health == 19"
                        },
                        {
                            "hp21": "query.health >= 21"
                        }
                    ]
                },
                "hp21": {
                    "on_entry": [
                        "/scoreboard players set @s health 21"
                    ],
                    "transitions": [
                        {
                            "hp0": "query.health == 0"
                        },
                        {
                            "hp1": "query.health == 1"
                        },
                        {
                            "hp2": "query.health == 2"
                        },
                        {
                            "hp3": "query.health == 3"
                        },
                        {
                            "hp4": "query.health == 4"
                        },
                        {
                            "hp5": "query.health == 5"
                        },
                        {
                            "hp6": "query.health == 6"
                        },
                        {
                            "hp7": "query.health == 7"
                        },
                        {
                            "hp8": "query.health == 8"
                        },
                        {
                            "hp9": "query.health == 9"
                        },
                        {
                            "hp10": "query.health == 10"
                        },
                        {
                            "hp11": "query.health == 11"
                        },
                        {
                            "hp12": "query.health == 12"
                        },
                        {
                            "hp13": "query.health == 13"
                        },
                        {
                            "hp14": "query.health == 14"
                        },
                        {
                            "hp15": "query.health == 15"
                        },
                        {
                            "hp16": "query.health == 16"
                        },
                        {
                            "hp17": "query.health == 17"
                        },
                        {
                            "hp18": "query.health == 18"
                        },
                        {
                            "hp19": "query.health == 19"
                        },
                        {
                            "hp20": "query.health == 20"
                        }
                    ]
                }
            }
        }
    }
}